model,accuracy_mean,accuracy_std,f1_macro_mean,f1_macro_std,f2_cancer_mean,f2_cancer_std,recall_cancer_mean,precision_cancer_mean,n_pseudo_mean
semi_supervised_dbscan_selective_cnn_cv,0.86,0.041833001326703735,0.8573655880769893,0.044843034324219815,0.857258610299912,0.07144564861393661,0.86,0.8864935064935064,330.0
semi_supervised_kmeans_selective_cnn_cv,0.8400000000000001,0.08215838362577495,0.8330981888095901,0.09455837327637605,0.9160289543974338,0.03445292771848332,0.96,0.7891491841491842,820.0
supervised_strong_only_cnn_cv,0.67,0.08366600265340753,0.6209365092123713,0.12283007071964211,0.8840050820425486,0.025918735021050063,1.0,0.6072239422084623,0.0
